a98s,156161,2313,53151,51,+6+5,2022-08-27 21:15:07,1
优惠券,购买课程,20,20,500,vue全栈课程,2022-08-27 21:37:16,2
优惠券,购买课程,20,20,500,vue全栈课程,2022-08-27 22:35:18,4
提现,吃面,12,213,312,法国岁的法国,2022-09-09 22:27:14,5
优惠券112,购买课程,20,20,500,vue全栈课程1,2022-09-09 22:28:51,6
提现,秒动画系,123,23112,123,没什么说的1234,2022-09-10 19:21:37,24
提现手续费,微信,321,63541,351,"没啥的1234
",2022-09-10 19:24:14,25
提现,1,1,1,1,1,2022-09-12 10:49:22,53
提现,2,2,2,2,2,2022-09-12 11:09:19,58
提现,3,3,3,3,3,2022-09-12 11:09:26,59
提现,4,4,4,4,4,2022-09-12 11:16:08,65
提现,5,5,5,5,5,2022-09-12 11:16:24,66
提现,6,6,6,6,6,2022-09-12 11:33:26,67
提现,7,7,7,7,7,2022-09-12 11:35:10,68
提现,8,8,8,8,8,2022-09-12 11:36:10,69
提现,9,9,9,9,9,2022-09-12 11:37:32,70
提现,10,10,10,10,10,2022-09-12 11:37:50,71
提现,11,11,11,11,11,2022-09-12 14:40:56,72
提现,12,12,12,12,12,2022-09-12 16:04:21,73
提现手续费,13,13,13,13,13,2022-09-12 16:04:45,74
提现,14,14,14,14,14,2022-09-12 16:35:49,75
提现,15,15,15,15,15,2022-09-12 16:36:01,76
提现,16,16,16,16,16,2022-09-12 16:37:06,77
提现,17,17,17,17,17,2022-09-12 16:37:14,78
提现,18,18,18,18,18,2022-09-12 16:38:19,79
提现,19,19,19,19,19,2022-09-12 16:39:24,80
提现,20,20,20,20,20,2022-09-12 16:39:39,81
提现,21,21,21,2121,21,2022-09-12 16:43:08,82
提现,22,22,22,22,22,2022-09-12 16:43:16,83
提现,2323,23,23,232,23,2022-09-12 16:47:44,84
提现,24,24,24,24,24,2022-09-12 16:49:09,85
提现,25,25,25,25,25,2022-09-12 16:49:19,86
提现,26,26,26,26,26,2022-09-12 16:49:30,87
提现,27,27,27,27,27,2022-09-12 16:50:28,88
提现,28,28,28,28,28,2022-09-12 16:50:37,89
